{"cameraMode":{"drawMode":0,"name":"Shaded","section":"Shading Mode"},"sceneLighting":true,"audioPlay":false,"sceneViewState":{"m_AlwaysRefresh":false,"showFog":true,"showSkybox":true,"showFlares":true,"showImageEffects":true,"showParticleSystems":true,"showVisualEffectGraphs":true,"m_FxEnabled":false},"in2DMode":false,"pivot":{"x":-62.11074447631836,"y":12.673759460449219,"z":12.264480590820313},"rotation":{"x":0.6823132038116455,"y":-0.00016522595251444727,"z":0.00010980121442116797,"w":0.7312232851982117},"size":165.4161834716797,"orthographic":false}